{
  "type": "minecraft:generic",
  "pools": [
    {
      "rolls": 1,
      "entries": [
        {
          "type": "minecraft:item",
          "name": "minecraft:filled_map",
          "functions": [
            {
              "function": "minecraft:set_components",
              "components": {
                "minecraft:consumable": {
                  "consume_seconds": 99999,
                  "animation": "block",
                  "has_consume_particles": false,
                  "on_consume_effects": []
                },
                "minecraft:custom_data": {
                  "structure": "dnt_sealing_halls",
                  "dimension": "minecraft_nether",
                  "dnt_chart_bundle": false
                },
                "minecraft:custom_model_data": {
                  "floats": [],
                  "strings": [
                    "dnt:chart"
                  ]
                },
                "minecraft:item_name": {
                  "translate": "item.dnt.chart.sealing_halls",
                  "fallback": "Sealing Halls Chart"
                },
                "minecraft:lore": [
                  {
                    "translate": "item.dnt.chart.description",
                    "fallback": "Interact to generate map",
                    "color": "gray",
                    "italic": false
                  }
                ],
                "minecraft:map_color": 7340544,
                "minecraft:max_stack_size": 1,
                "minecraft:rarity": "epic"
              }
            }
          ]
        }
      ]
    }
  ]
}