{
  "type": "minecraft:chest",
  "pools": [
    {
      "rolls": 1,
      "entries": [
        {
          "type": "minecraft:loot_table",
          "value": "nova_structures:maps/ancient_city",
          "conditions": [
            {
              "condition": "minecraft:entity_properties",
              "entity": "this",
              "predicate": {
                "equipment": {
                  "offhand": {
                    "predicates": {
                      "minecraft:custom_data": {
                        "structure": "minecraft_ancient_city"
                      }
                    }
                  }
                }
              }
            }
          ]
        },
        {
          "type": "minecraft:loot_table",
          "value": "nova_structures:maps/any_village",
          "conditions": [
            {
              "condition": "minecraft:entity_properties",
              "entity": "this",
              "predicate": {
                "equipment": {
                  "offhand": {
                    "predicates": {
                      "minecraft:custom_data": {
                        "structure": "dnt_any_village"
                      }
                    }
                  }
                }
              }
            }
          ]
        },
        {
          "type": "minecraft:loot_table",
          "value": "nova_structures:maps/badlands_miner_outpost",
          "conditions": [
            {
              "condition": "minecraft:entity_properties",
              "entity": "this",
              "predicate": {
                "equipment": {
                  "offhand": {
                    "predicates": {
                      "minecraft:custom_data": {
                        "structure": "dnt_badlands_miner_outpost"
                      }
                    }
                  }
                }
              }
            }
          ]
        },
        {
          "type": "minecraft:loot_table",
          "value": "nova_structures:maps/bastion_remnant",
          "conditions": [
            {
              "condition": "minecraft:entity_properties",
              "entity": "this",
              "predicate": {
                "equipment": {
                  "offhand": {
                    "predicates": {
                      "minecraft:custom_data": {
                        "structure": "minecraft_bastion_remnant"
                      }
                    }
                  }
                }
              }
            }
          ]
        },
        {
          "type": "minecraft:loot_table",
          "value": "nova_structures:maps/catacomb",
          "conditions": [
            {
              "condition": "minecraft:entity_properties",
              "entity": "this",
              "predicate": {
                "equipment": {
                  "offhand": {
                    "predicates": {
                      "minecraft:custom_data": {
                        "structure": "dnt_catacomb"
                      }
                    }
                  }
                }
              }
            }
          ]
        },
        {
          "type": "minecraft:loot_table",
          "value": "nova_structures:maps/cave_chamber_colony",
          "conditions": [
            {
              "condition": "minecraft:entity_properties",
              "entity": "this",
              "predicate": {
                "equipment": {
                  "offhand": {
                    "predicates": {
                      "minecraft:custom_data": {
                        "structure": "dnt_cave_chamber_colony"
                      }
                    }
                  }
                }
              }
            }
          ]
        },
        {
          "type": "minecraft:loot_table",
          "value": "nova_structures:maps/conduit_ruin",
          "conditions": [
            {
              "condition": "minecraft:entity_properties",
              "entity": "this",
              "predicate": {
                "equipment": {
                  "offhand": {
                    "predicates": {
                      "minecraft:custom_data": {
                        "structure": "dnt_conduit_ruin"
                      }
                    }
                  }
                }
              }
            }
          ]
        },
        {
          "type": "minecraft:loot_table",
          "value": "nova_structures:maps/creeping_crypt",
          "conditions": [
            {
              "condition": "minecraft:entity_properties",
              "entity": "this",
              "predicate": {
                "equipment": {
                  "offhand": {
                    "predicates": {
                      "minecraft:custom_data": {
                        "structure": "dnt_creeping_crypt"
                      }
                    }
                  }
                }
              }
            }
          ]
        },
        {
          "type": "minecraft:loot_table",
          "value": "nova_structures:maps/desert_ruin",
          "conditions": [
            {
              "condition": "minecraft:entity_properties",
              "entity": "this",
              "predicate": {
                "equipment": {
                  "offhand": {
                    "predicates": {
                      "minecraft:custom_data": {
                        "structure": "dnt_desert_ruin"
                      }
                    }
                  }
                }
              }
            }
          ]
        },
        {
          "type": "minecraft:loot_table",
          "value": "nova_structures:maps/end_castle",
          "conditions": [
            {
              "condition": "minecraft:entity_properties",
              "entity": "this",
              "predicate": {
                "equipment": {
                  "offhand": {
                    "predicates": {
                      "minecraft:custom_data": {
                        "structure": "dnt_end_castle"
                      }
                    }
                  }
                }
              }
            }
          ]
        },
        {
          "type": "minecraft:loot_table",
          "value": "nova_structures:maps/illager_hideout",
          "conditions": [
            {
              "condition": "minecraft:entity_properties",
              "entity": "this",
              "predicate": {
                "equipment": {
                  "offhand": {
                    "predicates": {
                      "minecraft:custom_data": {
                        "structure": "dnt_illager_hideout"
                      }
                    }
                  }
                }
              }
            }
          ]
        },
        {
          "type": "minecraft:loot_table",
          "value": "nova_structures:maps/illager_manor",
          "conditions": [
            {
              "condition": "minecraft:entity_properties",
              "entity": "this",
              "predicate": {
                "equipment": {
                  "offhand": {
                    "predicates": {
                      "minecraft:custom_data": {
                        "structure": "dnt_illager_manor"
                      }
                    }
                  }
                }
              }
            }
          ]
        },
        {
          "type": "minecraft:loot_table",
          "value": "nova_structures:maps/jungle_ruin",
          "conditions": [
            {
              "condition": "minecraft:entity_properties",
              "entity": "this",
              "predicate": {
                "equipment": {
                  "offhand": {
                    "predicates": {
                      "minecraft:custom_data": {
                        "structure": "dnt_jungle_ruin"
                      }
                    }
                  }
                }
              }
            }
          ]
        },
        {
          "type": "minecraft:loot_table",
          "value": "nova_structures:maps/lone_citadel",
          "conditions": [
            {
              "condition": "minecraft:entity_properties",
              "entity": "this",
              "predicate": {
                "equipment": {
                  "offhand": {
                    "predicates": {
                      "minecraft:custom_data": {
                        "structure": "dnt_lone_citadel"
                      }
                    }
                  }
                }
              }
            }
          ]
        },
        {
          "type": "minecraft:loot_table",
          "value": "nova_structures:maps/mangrove_witch_hut",
          "conditions": [
            {
              "condition": "minecraft:entity_properties",
              "entity": "this",
              "predicate": {
                "equipment": {
                  "offhand": {
                    "predicates": {
                      "minecraft:custom_data": {
                        "structure": "dnt_mangrove_witch_hut"
                      }
                    }
                  }
                }
              }
            }
          ]
        },
        {
          "type": "minecraft:loot_table",
          "value": "nova_structures:maps/nether_fortress",
          "conditions": [
            {
              "condition": "minecraft:entity_properties",
              "entity": "this",
              "predicate": {
                "equipment": {
                  "offhand": {
                    "predicates": {
                      "minecraft:custom_data": {
                        "structure": "minecraft_nether_fortress"
                      }
                    }
                  }
                }
              }
            }
          ]
        },
        {
          "type": "minecraft:loot_table",
          "value": "nova_structures:maps/nether_keep",
          "conditions": [
            {
              "condition": "minecraft:entity_properties",
              "entity": "this",
              "predicate": {
                "equipment": {
                  "offhand": {
                    "predicates": {
                      "minecraft:custom_data": {
                        "structure": "dnt_nether_keep"
                      }
                    }
                  }
                }
              }
            }
          ]
        },
        {
          "type": "minecraft:loot_table",
          "value": "nova_structures:maps/nether_port",
          "conditions": [
            {
              "condition": "minecraft:entity_properties",
              "entity": "this",
              "predicate": {
                "equipment": {
                  "offhand": {
                    "predicates": {
                      "minecraft:custom_data": {
                        "structure": "dnt_nether_port"
                      }
                    }
                  }
                }
              }
            }
          ]
        },
        {
          "type": "minecraft:loot_table",
          "value": "nova_structures:maps/nether_skeleton_tower_crimson",
          "conditions": [
            {
              "condition": "minecraft:entity_properties",
              "entity": "this",
              "predicate": {
                "equipment": {
                  "offhand": {
                    "predicates": {
                      "minecraft:custom_data": {
                        "structure": "dnt_nether_skeleton_tower_crimson"
                      }
                    }
                  }
                }
              }
            }
          ]
        },
        {
          "type": "minecraft:loot_table",
          "value": "nova_structures:maps/nether_skeleton_tower_soul",
          "conditions": [
            {
              "condition": "minecraft:entity_properties",
              "entity": "this",
              "predicate": {
                "equipment": {
                  "offhand": {
                    "predicates": {
                      "minecraft:custom_data": {
                        "structure": "dnt_nether_skeleton_tower_soul"
                      }
                    }
                  }
                }
              }
            }
          ]
        },
        {
          "type": "minecraft:loot_table",
          "value": "nova_structures:maps/nether_skeleton_tower_warped",
          "conditions": [
            {
              "condition": "minecraft:entity_properties",
              "entity": "this",
              "predicate": {
                "equipment": {
                  "offhand": {
                    "predicates": {
                      "minecraft:custom_data": {
                        "structure": "dnt_nether_skeleton_tower_warped"
                      }
                    }
                  }
                }
              }
            }
          ]
        },
        {
          "type": "minecraft:loot_table",
          "value": "nova_structures:maps/nether_skeleton_tower_fort",
          "conditions": [
            {
              "condition": "minecraft:entity_properties",
              "entity": "this",
              "predicate": {
                "equipment": {
                  "offhand": {
                    "predicates": {
                      "minecraft:custom_data": {
                        "structure": "dnt_nether_skeleton_tower_fort"
                      }
                    }
                  }
                }
              }
            }
          ]
        },
        {
          "type": "minecraft:loot_table",
          "value": "nova_structures:maps/ocean_ruins",
          "conditions": [
            {
              "condition": "minecraft:entity_properties",
              "entity": "this",
              "predicate": {
                "equipment": {
                  "offhand": {
                    "predicates": {
                      "minecraft:custom_data": {
                        "structure": "minecraft_ocean_ruins"
                      }
                    }
                  }
                }
              }
            }
          ]
        },
        {
          "type": "minecraft:loot_table",
          "value": "nova_structures:maps/pale_residence",
          "conditions": [
            {
              "condition": "minecraft:entity_properties",
              "entity": "this",
              "predicate": {
                "equipment": {
                  "offhand": {
                    "predicates": {
                      "minecraft:custom_data": {
                        "structure": "dnt_pale_residence"
                      }
                    }
                  }
                }
              }
            }
          ]
        },
        {
          "type": "minecraft:loot_table",
          "value": "nova_structures:maps/piglin_donjon",
          "conditions": [
            {
              "condition": "minecraft:entity_properties",
              "entity": "this",
              "predicate": {
                "equipment": {
                  "offhand": {
                    "predicates": {
                      "minecraft:custom_data": {
                        "structure": "dnt_piglin_donjon"
                      }
                    }
                  }
                }
              }
            }
          ]
        },
        {
          "type": "minecraft:loot_table",
          "value": "nova_structures:maps/piglin_hamlet",
          "conditions": [
            {
              "condition": "minecraft:entity_properties",
              "entity": "this",
              "predicate": {
                "equipment": {
                  "offhand": {
                    "predicates": {
                      "minecraft:custom_data": {
                        "structure": "dnt_piglin_hamlet"
                      }
                    }
                  }
                }
              }
            }
          ]
        },
        {
          "type": "minecraft:loot_table",
          "value": "nova_structures:maps/piglin_outstation",
          "conditions": [
            {
              "condition": "minecraft:entity_properties",
              "entity": "this",
              "predicate": {
                "equipment": {
                  "offhand": {
                    "predicates": {
                      "minecraft:custom_data": {
                        "structure": "dnt_piglin_outstation"
                      }
                    }
                  }
                }
              }
            }
          ]
        },
        {
          "type": "minecraft:loot_table",
          "value": "nova_structures:maps/pillager_outpost",
          "conditions": [
            {
              "condition": "minecraft:entity_properties",
              "entity": "this",
              "predicate": {
                "equipment": {
                  "offhand": {
                    "predicates": {
                      "minecraft:custom_data": {
                        "structure": "minecraft_pillager_outpost"
                      }
                    }
                  }
                }
              }
            }
          ]
        },
        {
          "type": "minecraft:loot_table",
          "value": "nova_structures:maps/ruin_town",
          "conditions": [
            {
              "condition": "minecraft:entity_properties",
              "entity": "this",
              "predicate": {
                "equipment": {
                  "offhand": {
                    "predicates": {
                      "minecraft:custom_data": {
                        "structure": "dnt_ruin_town"
                      }
                    }
                  }
                }
              }
            }
          ]
        },
        {
          "type": "minecraft:loot_table",
          "value": "nova_structures:maps/shrine_all_normal",
          "conditions": [
            {
              "condition": "minecraft:entity_properties",
              "entity": "this",
              "predicate": {
                "equipment": {
                  "offhand": {
                    "predicates": {
                      "minecraft:custom_data": {
                        "structure": "dnt_shrine_all_normal"
                      }
                    }
                  }
                }
              }
            }
          ]
        },
        {
          "type": "minecraft:loot_table",
          "value": "nova_structures:maps/shrine_tier_1",
          "conditions": [
            {
              "condition": "minecraft:entity_properties",
              "entity": "this",
              "predicate": {
                "equipment": {
                  "offhand": {
                    "predicates": {
                      "minecraft:custom_data": {
                        "structure": "dnt_shrine_tier_1"
                      }
                    }
                  }
                }
              }
            }
          ]
        },
        {
          "type": "minecraft:loot_table",
          "value": "nova_structures:maps/shrine_tier_2",
          "conditions": [
            {
              "condition": "minecraft:entity_properties",
              "entity": "this",
              "predicate": {
                "equipment": {
                  "offhand": {
                    "predicates": {
                      "minecraft:custom_data": {
                        "structure": "dnt_shrine_tier_2"
                      }
                    }
                  }
                }
              }
            }
          ]
        },
        {
          "type": "minecraft:loot_table",
          "value": "nova_structures:maps/shrine_tier_3",
          "conditions": [
            {
              "condition": "minecraft:entity_properties",
              "entity": "this",
              "predicate": {
                "equipment": {
                  "offhand": {
                    "predicates": {
                      "minecraft:custom_data": {
                        "structure": "dnt_shrine_tier_3"
                      }
                    }
                  }
                }
              }
            }
          ]
        },
        {
          "type": "minecraft:loot_table",
          "value": "nova_structures:maps/shrine_tier_4",
          "conditions": [
            {
              "condition": "minecraft:entity_properties",
              "entity": "this",
              "predicate": {
                "equipment": {
                  "offhand": {
                    "predicates": {
                      "minecraft:custom_data": {
                        "structure": "dnt_shrine_tier_4"
                      }
                    }
                  }
                }
              }
            }
          ]
        },
        {
          "type": "minecraft:loot_table",
          "value": "nova_structures:maps/shrine_tier_5",
          "conditions": [
            {
              "condition": "minecraft:entity_properties",
              "entity": "this",
              "predicate": {
                "equipment": {
                  "offhand": {
                    "predicates": {
                      "minecraft:custom_data": {
                        "structure": "dnt_shrine_tier_5"
                      }
                    }
                  }
                }
              }
            }
          ]
        },
        {
          "type": "minecraft:loot_table",
          "value": "nova_structures:maps/shrine_tier_6",
          "conditions": [
            {
              "condition": "minecraft:entity_properties",
              "entity": "this",
              "predicate": {
                "equipment": {
                  "offhand": {
                    "predicates": {
                      "minecraft:custom_data": {
                        "structure": "dnt_shrine_tier_6"
                      }
                    }
                  }
                }
              }
            }
          ]
        },
        {
          "type": "minecraft:loot_table",
          "value": "nova_structures:maps/shrine_tower",
          "conditions": [
            {
              "condition": "minecraft:entity_properties",
              "entity": "this",
              "predicate": {
                "equipment": {
                  "offhand": {
                    "predicates": {
                      "minecraft:custom_data": {
                        "structure": "dnt_shrine_tower"
                      }
                    }
                  }
                }
              }
            }
          ]
        },
        {
          "type": "minecraft:loot_table",
          "value": "nova_structures:maps/stray_fort",
          "conditions": [
            {
              "condition": "minecraft:entity_properties",
              "entity": "this",
              "predicate": {
                "equipment": {
                  "offhand": {
                    "predicates": {
                      "minecraft:custom_data": {
                        "structure": "dnt_stray_fort"
                      }
                    }
                  }
                }
              }
            }
          ]
        },
        {
          "type": "minecraft:loot_table",
          "value": "nova_structures:maps/stray_outlook",
          "conditions": [
            {
              "condition": "minecraft:entity_properties",
              "entity": "this",
              "predicate": {
                "equipment": {
                  "offhand": {
                    "predicates": {
                      "minecraft:custom_data": {
                        "structure": "dnt_stray_outlook"
                      }
                    }
                  }
                }
              }
            }
          ]
        },
        {
          "type": "minecraft:loot_table",
          "value": "nova_structures:maps/tavern_acacia",
          "conditions": [
            {
              "condition": "minecraft:entity_properties",
              "entity": "this",
              "predicate": {
                "equipment": {
                  "offhand": {
                    "predicates": {
                      "minecraft:custom_data": {
                        "structure": "dnt_tavern_acacia"
                      }
                    }
                  }
                }
              }
            }
          ]
        },
        {
          "type": "minecraft:loot_table",
          "value": "nova_structures:maps/tavern_birch",
          "conditions": [
            {
              "condition": "minecraft:entity_properties",
              "entity": "this",
              "predicate": {
                "equipment": {
                  "offhand": {
                    "predicates": {
                      "minecraft:custom_data": {
                        "structure": "dnt_tavern_birch"
                      }
                    }
                  }
                }
              }
            }
          ]
        },
        {
          "type": "minecraft:loot_table",
          "value": "nova_structures:maps/tavern_cherry",
          "conditions": [
            {
              "condition": "minecraft:entity_properties",
              "entity": "this",
              "predicate": {
                "equipment": {
                  "offhand": {
                    "predicates": {
                      "minecraft:custom_data": {
                        "structure": "dnt_tavern_cherry"
                      }
                    }
                  }
                }
              }
            }
          ]
        },
        {
          "type": "minecraft:loot_table",
          "value": "nova_structures:maps/tavern_dark_oak",
          "conditions": [
            {
              "condition": "minecraft:entity_properties",
              "entity": "this",
              "predicate": {
                "equipment": {
                  "offhand": {
                    "predicates": {
                      "minecraft:custom_data": {
                        "structure": "dnt_tavern_dark_oak"
                      }
                    }
                  }
                }
              }
            }
          ]
        },
        {
          "type": "minecraft:loot_table",
          "value": "nova_structures:maps/tavern_desert",
          "conditions": [
            {
              "condition": "minecraft:entity_properties",
              "entity": "this",
              "predicate": {
                "equipment": {
                  "offhand": {
                    "predicates": {
                      "minecraft:custom_data": {
                        "structure": "dnt_tavern_desert"
                      }
                    }
                  }
                }
              }
            }
          ]
        },
        {
          "type": "minecraft:loot_table",
          "value": "nova_structures:maps/tavern_jungle",
          "conditions": [
            {
              "condition": "minecraft:entity_properties",
              "entity": "this",
              "predicate": {
                "equipment": {
                  "offhand": {
                    "predicates": {
                      "minecraft:custom_data": {
                        "structure": "dnt_tavern_jungle"
                      }
                    }
                  }
                }
              }
            }
          ]
        },
        {
          "type": "minecraft:loot_table",
          "value": "nova_structures:maps/tavern_mangrove",
          "conditions": [
            {
              "condition": "minecraft:entity_properties",
              "entity": "this",
              "predicate": {
                "equipment": {
                  "offhand": {
                    "predicates": {
                      "minecraft:custom_data": {
                        "structure": "dnt_tavern_mangrove"
                      }
                    }
                  }
                }
              }
            }
          ]
        },
        {
          "type": "minecraft:loot_table",
          "value": "nova_structures:maps/tavern_oak",
          "conditions": [
            {
              "condition": "minecraft:entity_properties",
              "entity": "this",
              "predicate": {
                "equipment": {
                  "offhand": {
                    "predicates": {
                      "minecraft:custom_data": {
                        "structure": "dnt_tavern_oak"
                      }
                    }
                  }
                }
              }
            }
          ]
        },
        {
          "type": "minecraft:loot_table",
          "value": "nova_structures:maps/tavern_pale",
          "conditions": [
            {
              "condition": "minecraft:entity_properties",
              "entity": "this",
              "predicate": {
                "equipment": {
                  "offhand": {
                    "predicates": {
                      "minecraft:custom_data": {
                        "structure": "dnt_tavern_pale"
                      }
                    }
                  }
                }
              }
            }
          ]
        },
        {
          "type": "minecraft:loot_table",
          "value": "nova_structures:maps/tavern_snowy",
          "conditions": [
            {
              "condition": "minecraft:entity_properties",
              "entity": "this",
              "predicate": {
                "equipment": {
                  "offhand": {
                    "predicates": {
                      "minecraft:custom_data": {
                        "structure": "dnt_tavern_snowy"
                      }
                    }
                  }
                }
              }
            }
          ]
        },
        {
          "type": "minecraft:loot_table",
          "value": "nova_structures:maps/tavern_spruce",
          "conditions": [
            {
              "condition": "minecraft:entity_properties",
              "entity": "this",
              "predicate": {
                "equipment": {
                  "offhand": {
                    "predicates": {
                      "minecraft:custom_data": {
                        "structure": "dnt_tavern_spruce"
                      }
                    }
                  }
                }
              }
            }
          ]
        },
        {
          "type": "minecraft:loot_table",
          "value": "nova_structures:maps/tavern_swamp",
          "conditions": [
            {
              "condition": "minecraft:entity_properties",
              "entity": "this",
              "predicate": {
                "equipment": {
                  "offhand": {
                    "predicates": {
                      "minecraft:custom_data": {
                        "structure": "dnt_tavern_swamp"
                      }
                    }
                  }
                }
              }
            }
          ]
        },
        {
          "type": "minecraft:loot_table",
          "value": "nova_structures:maps/toxic_lair",
          "conditions": [
            {
              "condition": "minecraft:entity_properties",
              "entity": "this",
              "predicate": {
                "equipment": {
                  "offhand": {
                    "predicates": {
                      "minecraft:custom_data": {
                        "structure": "dnt_toxic_lair"
                      }
                    }
                  }
                }
              }
            }
          ]
        },
        {
          "type": "minecraft:loot_table",
          "value": "nova_structures:maps/trail_ruins",
          "conditions": [
            {
              "condition": "minecraft:entity_properties",
              "entity": "this",
              "predicate": {
                "equipment": {
                  "offhand": {
                    "predicates": {
                      "minecraft:custom_data": {
                        "structure": "minecraft_trail_ruins"
                      }
                    }
                  }
                }
              }
            }
          ]
        },
        {
          "type": "minecraft:loot_table",
          "value": "nova_structures:maps/trial_dungeon",
          "conditions": [
            {
              "condition": "minecraft:entity_properties",
              "entity": "this",
              "predicate": {
                "equipment": {
                  "offhand": {
                    "predicates": {
                      "minecraft:custom_data": {
                        "structure": "dnt_trial_dungeon"
                      }
                    }
                  }
                }
              }
            }
          ]
        },
        {
          "type": "minecraft:loot_table",
          "value": "nova_structures:maps/trident_trial_monument",
          "conditions": [
            {
              "condition": "minecraft:entity_properties",
              "entity": "this",
              "predicate": {
                "equipment": {
                  "offhand": {
                    "predicates": {
                      "minecraft:custom_data": {
                        "structure": "dnt_trident_trial_monument"
                      }
                    }
                  }
                }
              }
            }
          ]
        },
        {
          "type": "minecraft:loot_table",
          "value": "nova_structures:maps/undead_crypt",
          "conditions": [
            {
              "condition": "minecraft:entity_properties",
              "entity": "this",
              "predicate": {
                "equipment": {
                  "offhand": {
                    "predicates": {
                      "minecraft:custom_data": {
                        "structure": "dnt_undead_crypt"
                      }
                    }
                  }
                }
              }
            }
          ]
        },
        {
          "type": "minecraft:loot_table",
          "value": "nova_structures:maps/village_birch",
          "conditions": [
            {
              "condition": "minecraft:entity_properties",
              "entity": "this",
              "predicate": {
                "equipment": {
                  "offhand": {
                    "predicates": {
                      "minecraft:custom_data": {
                        "structure": "dnt_village_birch"
                      }
                    }
                  }
                }
              }
            }
          ]
        },
        {
          "type": "minecraft:loot_table",
          "value": "nova_structures:maps/village_jungle",
          "conditions": [
            {
              "condition": "minecraft:entity_properties",
              "entity": "this",
              "predicate": {
                "equipment": {
                  "offhand": {
                    "predicates": {
                      "minecraft:custom_data": {
                        "structure": "dnt_village_jungle"
                      }
                    }
                  }
                }
              }
            }
          ]
        },
        {
          "type": "minecraft:loot_table",
          "value": "nova_structures:maps/village_swamp",
          "conditions": [
            {
              "condition": "minecraft:entity_properties",
              "entity": "this",
              "predicate": {
                "equipment": {
                  "offhand": {
                    "predicates": {
                      "minecraft:custom_data": {
                        "structure": "dnt_village_swamp"
                      }
                    }
                  }
                }
              }
            }
          ]
        },
        {
          "type": "minecraft:loot_table",
          "value": "nova_structures:maps/witch_villa",
          "conditions": [
            {
              "condition": "minecraft:entity_properties",
              "entity": "this",
              "predicate": {
                "equipment": {
                  "offhand": {
                    "predicates": {
                      "minecraft:custom_data": {
                        "structure": "dnt_witch_villa"
                      }
                    }
                  }
                }
              }
            }
          ]
        },
        {
          "type": "minecraft:loot_table",
          "value": "nova_structures:maps/sealing_halls",
          "conditions": [
            {
              "condition": "minecraft:entity_properties",
              "entity": "this",
              "predicate": {
                "equipment": {
                  "offhand": {
                    "predicates": {
                      "minecraft:custom_data": {
                        "structure": "dnt_sealing_halls"
                      }
                    }
                  }
                }
              }
            }
          ]
        }
      ]
    }
  ]
}