{
	"type": "minecraft:random_patch",
	"config": {
		"tries": 8,
		"xz_spread": 0,
		"y_spread": 0,
		"feature": {
			"feature": {
				"type": "minecraft:random_selector",
				"config": {
					"features": [
						{
							"chance": 0.5,
							"feature": {
								"feature": {
									"type": "minecraft:random_patch",
									"config": {
										"tries": 16,
										"xz_spread": 2,
										"y_spread": 2,
										"feature": {
											"feature": {
												"type": "minecraft:simple_block",
												"config": {
													"to_place": {
														"type": "minecraft:weighted_state_provider",
														"entries": [
															{
																"weight": 4,
																"data": {
																	"Name": "minecraft:cobblestone"
																}
															},
															{
																"weight": 3,
																"data": {
																	"Name": "minecraft:coal_ore"
																}
															},
															{
																"weight": 2,
																"data": {
																	"Name": "minecraft:copper_ore"
																}
															}
														]
													}
												}
											},
											"placement": [
												{
													"type": "minecraft:block_predicate_filter",
													"predicate": {
														"type": "minecraft:matching_blocks",
														"blocks": "minecraft:stone"
													}
												}
											]
										}
									}
								},
								"placement": []
							}
						}
					],
					"default": {
						"feature": {
							"type": "minecraft:forest_rock",
							"config": {
								"state": {
									"Name": "minecraft:stone"
								}
							}
						},
						"placement": []
					}
				}
			},
			"placement": []
		}
	}
}
