{
	"feature": {
		"type": "minecraft:simple_random_selector",
		"config": {
			"features": [
				{
					"feature": "minecraft:patch_red_mushroom",
					"placement": []
				},
				{
					"feature": "minecraft:patch_brown_mushroom",
					"placement": []
				}
			]
		}
	},
	"placement": [
		{
			"type": "minecraft:rarity_filter",
			"chance": 2
		},
		{
			"type": "minecraft:in_square"
		},
		{
			"type": "minecraft:heightmap",
			"heightmap": "MOTION_BLOCKING_NO_LEAVES"
		},
		{
			"type": "minecraft:biome"
		}
	]
}
