{
	"feature": {
		"type": "minecraft:random_selector",
		"config": {
			"features": [
				{
					"chance": 0.2,
					"feature": {
						"feature": "geophilic:tree/oak/swamp/classic",
						"placement": []
					}
				},
        {
					"chance": 0.3,
					"feature": {
						"feature": "geophilic:tree/oak/swamp/young",
						"placement": []
					}
				}
			],
			"default": {
				"feature": "geophilic:tree/oak/swamp/modern",
				"placement": []
			}
		}
	},
	"placement": [
		{
			"type": "minecraft:count",
			"count": {
				"type": "minecraft:biased_to_bottom",
				"value": {
					"min_inclusive": 3,
					"max_inclusive": 5
				}
			}
		},
		{
			"type": "minecraft:in_square"
		},
		{
			"type": "minecraft:surface_water_depth_filter",
			"max_water_depth": 2
		},
		{
			"type": "minecraft:heightmap",
			"heightmap": "OCEAN_FLOOR"
		},
		{
			"type": "minecraft:biome"
		},
		{
			"type": "minecraft:block_predicate_filter",
			"predicate": {
				"type": "minecraft:would_survive",
				"state": {
					"Name": "minecraft:oak_sapling",
					"Properties": {
						"stage": "0"
					}
				}
			}
		}
	]
}
