{
	"feature": {
		"type": "minecraft:random_selector",
		"config": {
			"features": [
				{
					"chance": 0.53,
					"feature": {
						"feature": "geophilic:tree/acacia/modified",
						"placement": []
					}
				},
				{
					"chance": 0.37,
					"feature": {
						"feature": "geophilic:tree/acacia/modified_2",
						"placement": []
					}
				},
				{
					"chance": 0.07,
					"feature": {
						"feature": "geophilic:tree/oak/classic",
						"placement": []
					}
				}
			],
			"default": {
				"feature": "geophilic:tree/acacia/classic",
				"placement": []
			}
		}
	},
	"placement": [
		{
			"type": "minecraft:noise_based_count",
			"noise_to_count_ratio": 2,
			"noise_factor": 96,
			"noise_offset": -0.583
		},
		{
			"type": "minecraft:count",
			"count": {
				"type": "minecraft:uniform",
				"value": {
					"min_inclusive": 4,
					"max_inclusive": 6
				}
			}
		},
		{
			"type": "minecraft:in_square"
		},
		{
			"type": "minecraft:surface_water_depth_filter",
			"max_water_depth": 0
		},
		{
			"type": "minecraft:heightmap",
			"heightmap": "OCEAN_FLOOR"
		},
		{
			"type": "minecraft:block_predicate_filter",
			"predicate": {
				"type": "minecraft:would_survive",
				"state": {
					"Name": "minecraft:acacia_sapling",
					"Properties": {
						"stage": "0"
					}
				}
			}
		},
		{
			"type": "minecraft:biome"
		}
	]
}
