{
	"feature": "geophilic:bush/acacia",
	"placement": [
		{
			"type": "minecraft:noise_threshold_count",
			"noise_level": -0.8,
			"below_noise": 15,
			"above_noise": 4
		},
		{
			"type": "minecraft:rarity_filter",
			"chance": 16
		},
		{
			"type": "minecraft:count",
			"count": 2
		},
		{
			"type": "minecraft:in_square"
		},
		{
			"type": "minecraft:surface_water_depth_filter",
			"max_water_depth": 0
		},
		{
			"type": "minecraft:heightmap",
			"heightmap": "MOTION_BLOCKING_NO_LEAVES"
		},
		{
			"type": "minecraft:biome"
		}
	]
}
