{
	"type": "minecraft:tree",
	"config": {
		"ignore_vines": true,
		"force_dirt": false,
		"minimum_size": {
			"type": "minecraft:two_layers_feature_size",
			"limit": 1,
			"lower_size": 0,
			"upper_size": 2
		},
		"dirt_provider": {
			"type": "minecraft:simple_state_provider",
			"state": {
				"Name": "minecraft:dirt"
			}
		},
		"trunk_provider": {
			"type": "minecraft:simple_state_provider",
			"state": {
				"Name": "minecraft:acacia_log",
				"Properties": {
					"axis": "y"
				}
			}
		},
		"foliage_provider": {
			"type": "minecraft:simple_state_provider",
			"state": {
				"Name": "minecraft:acacia_leaves",
				"Properties": {
					"distance": "7",
					"persistent": "false",
					"waterlogged": "false"
				}
			}
		},
		"root_placer": {
			"type": "minecraft:mangrove_root_placer",
			"root_provider": {
				"type": "minecraft:simple_state_provider",
				"state": {
					"Name": "minecraft:acacia_log",
					"Properties": {
						"axis": "y"
					}
				}
			},
			"trunk_offset_y": {
				"type": "minecraft:uniform",
				"value": {
					"min_inclusive": 1,
					"max_inclusive": 2
				}
			},
			"above_root_placement": {
				"above_root_provider": {
					"type": "minecraft:simple_state_provider",
					"state": {
						"Name": "minecraft:acacia_log",
						"Properties": {
							"axis": "y"
						}
					}
				},
				"above_root_placement_chance": 0.2
			},
			"mangrove_root_placement": {
				"max_root_width": 2,
				"max_root_length": 2,
				"random_skew_chance": 0,
				"can_grow_through": "#minecraft:mangrove_roots_can_grow_through",
				"muddy_roots_in": "#minecraft:dirt",
				"muddy_roots_provider": {
					"type": "minecraft:simple_state_provider",
					"state": {
						"Name": "minecraft:acacia_log",
						"Properties": {
							"axis": "y"
						}
					}
				}
			}
		},
		"trunk_placer": {
			"type": "minecraft:forking_trunk_placer",
			"base_height": 6,
			"height_rand_a": 1,
			"height_rand_b": 2
		},
		"foliage_placer": {
			"type": "minecraft:acacia_foliage_placer",
			"radius": {
				"type": "minecraft:biased_to_bottom",
				"value": {
					"min_inclusive": 2,
					"max_inclusive": 2
				}
			},
			"offset": 0
		},
		"decorators": []
	}
}
