{
	"feature": {
		"type": "minecraft:random_selector",
		"config": {
			"features": [
				{
					"chance": 0.5,
					"feature": {
						"feature": "geophilic:fallen_log/dark_oak",
						"placement": []
					}
				}
			],
			"default": {
				"feature": "geophilic:tree_stump/dark_oak",
				"placement": []
			}
		}
	},
	"placement": [
		{
			"type": "minecraft:rarity_filter",
			"chance": 4
		},
		{
			"type": "minecraft:in_square"
		},
		{
			"type": "minecraft:surface_water_depth_filter",
			"max_water_depth": 0
		},
		{
			"type": "minecraft:heightmap",
			"heightmap": "MOTION_BLOCKING_NO_LEAVES"
		},
		{
			"type": "minecraft:block_predicate_filter",
			"predicate": {
				"type": "minecraft:would_survive",
				"state": {
					"Name": "minecraft:oak_sapling",
					"Properties": {
						"stage": "0"
					}
				}
			}
		},
		{
			"type": "minecraft:biome"
		}
	]
}
