{
	"type": "minecraft:vegetation_patch",
	"config": {
		"surface": "floor",
		"depth": 1,
		"vertical_range": 256,
		"extra_bottom_block_chance": 0,
		"extra_edge_column_chance": 0,
		"vegetation_chance": 1,
		"xz_radius": 16,
		"replaceable": "#minecraft:snow",
		"ground_state": {
			"type": "minecraft:simple_state_provider",
			"state": {
				"Name": "minecraft:snow_block"
			}
		},
		"vegetation_feature": {
			"feature": {
				"type": "minecraft:random_patch",
				"config": {
					"tries": 16,
					"xz_spread": 0,
					"y_spread": 2,
					"feature": {
						"feature": {
							"type": "minecraft:simple_block",
							"config": {
								"to_place": {
									"type": "minecraft:simple_state_provider",
									"state": {
										"Name": "minecraft:snow_block"
									}
								}
							}
						},
						"placement": [
							{
								"type": "minecraft:block_predicate_filter",
								"predicate": {
									"type": "minecraft:matching_block_tag",
									"tag": "minecraft:dirt"
								}
							}
						]
					}
				}
			},
			"placement": [
				{
					"type": "minecraft:environment_scan",
					"direction_of_search": "down",
					"max_steps": 32,
					"target_condition": {
						"type": "minecraft:matching_blocks",
						"blocks": "minecraft:snow_block"
					}
				},
				{
					"type": "minecraft:block_predicate_filter",
					"predicate": {
						"type": "minecraft:matching_block_tag",
						"tag": "minecraft:snow"
					}
				}
			]
		}
	}
}
