{
    "parent": "nova_structures:adventure/find_stray_fort",
    "criteria": {
        "lone_citadel": {
            "conditions": {
                "player": [
                    {
                        "condition": "minecraft:entity_properties",
                        "entity": "this",
                        "predicate": {
                            "location": {
                                "structures": "nova_structures:lone_citadel"
                            }
                        }
                    }
                ]
            },
            "trigger": "minecraft:location"
        }
    },
    "display": {
        "announce_to_chat": true,
        "description": {
            "translate": "advancement.dnt.adventure.find_lone_citadel",
            "fallback": "Approach the Lone Citadel"
        },
        "frame": "task",
        "hidden": false,
        "icon": {
			"count": 1,
            "id": "minecraft:blue_ice"
        },
        "show_toast": true,
        "title": {
            "translate": "advancement.dnt.adventure.find_lone_citadel.title",
            "fallback": "Frozen Remnants"
        }
    },
    "requirements": [
        [
            "lone_citadel"
        ]
    ],
    "sends_telemetry_event": false
}
