{
  "type": "minecraft:chest",
  "pools": [
    {
      "rolls": 1,
      "entries": [
        {
          "type": "item",
          "name": "minecraft:skull_banner_pattern",
          "weight": 3
        },
        {
          "type": "item",
          "name": "skeleton_skull",
          "weight": 1
        },
        {
          "type": "item",
          "name": "ominous_bottle",
          "functions": [
            {
              "function": "set_ominous_bottle_amplifier",
              "amplifier": {
                "max": 3,
                "min": 0
              }
            }
          ],
          "weight": 5
        },
        {
          "type": "item",
          "name": "diamond",
          "functions": [
            {
              "function": "set_count",
              "count": {
                "max": 2,
                "min": 1
              }
            }
          ]
        },
        {
          "type": "item",
          "name": "iron_helmet",
          "functions": [
            {
              "function": "enchant_with_levels",
              "levels": {
                "max": 25,
                "min": 15
              },
              "options": "#nova_structures:structure/snowy"
            },
            {
              "function": "set_damage",
              "damage": {
                "max": 0.5,
                "min": 1
              }
            }
          ]
        },
        {
          "type": "item",
          "name": "iron_chestplate",
          "functions": [
            {
              "function": "enchant_with_levels",
              "levels": {
                "max": 25,
                "min": 15
              },
              "options": "#nova_structures:structure/snowy"
            },
            {
              "function": "set_damage",
              "damage": {
                "max": 0.5,
                "min": 1
              }
            }
          ]
        },
        {
          "type": "item",
          "name": "iron_leggings",
          "functions": [
            {
              "function": "enchant_with_levels",
              "levels": {
                "max": 25,
                "min": 15
              },
              "options": "#nova_structures:structure/snowy"
            },
            {
              "function": "set_damage",
              "damage": {
                "max": 0.5,
                "min": 1
              }
            }
          ]
        },
        {
          "type": "item",
          "name": "iron_boots",
          "functions": [
            {
              "function": "enchant_with_levels",
              "levels": {
                "max": 25,
                "min": 15
              },
              "options": "#nova_structures:structure/snowy"
            },
            {
              "function": "set_damage",
              "damage": {
                "max": 0.5,
                "min": 1
              }
            }
          ]
        },
        {
          "type": "item",
          "name": "iron_sword",
          "functions": [
            {
              "function": "enchant_with_levels",
              "levels": {
                "max": 25,
                "min": 15
              },
              "options": "#nova_structures:structure/snowy"
            },
            {
              "function": "set_damage",
              "damage": {
                "max": 0.5,
                "min": 1
              }
            }
          ]
        },
		{
          "type": "item",
          "name": "iron_spear",
          "functions": [
            {
              "function": "enchant_with_levels",
              "levels": {
                "max": 25,
                "min": 15
              },
              "options": "#nova_structures:structure/snowy"
            },
            {
              "function": "set_damage",
              "damage": {
                "max": 0.5,
                "min": 1
              }
            }
          ]
        },
        {
          "type": "item",
          "name": "bow",
          "functions": [
            {
              "function": "enchant_with_levels",
              "levels": {
                "max": 25,
                "min": 15
              },
              "options": "#nova_structures:structure/snowy"
            },
            {
              "function": "set_damage",
              "damage": {
                "max": 0.5,
                "min": 1
              }
            }
          ]
        }
      ]
    },
    {
      "rolls": {
        "max": 2,
        "min": 1
      },
      "entries": [
        {
          "type": "item",
          "name": "rotten_flesh",
          "functions": [
            {
              "function": "set_count",
              "count": {
                "max": 3,
                "min": 2
              }
            }
          ],
          "weight": 2
        },
        {
          "type": "item",
          "name": "bone",
          "functions": [
            {
              "function": "set_count",
              "count": {
                "max": 4,
                "min": 2
              }
            }
          ],
          "weight": 2
        },
        {
          "type": "item",
          "name": "bone_meal",
          "functions": [
            {
              "function": "set_count",
              "count": {
                "max": 4,
                "min": 2
              }
            }
          ],
          "weight": 2
        },
        {
          "type": "item",
          "name": "string",
          "functions": [
            {
              "function": "set_count",
              "count": {
                "max": 4,
                "min": 2
              }
            }
          ],
          "weight": 2
        },
        {
          "type": "item",
          "name": "tipped_arrow",
          "functions": [
            {
              "function": "set_count",
              "count": {
                "max": 5,
                "min": 3
              }
            },
            {
              "function": "set_potion",
              "id": "slowness"
            }
          ],
          "weight": 2
        },
        {
          "type": "loot_table",
          "value": "nova_structures:chests/stray_fort/pools/cold"
        }
      ]
    },
    {
      "rolls": {
        "max": 3,
        "min": 2
      },
      "entries": [
        {
          "type": "loot_table",
          "value": "nova_structures:chests/stray_fort/pools/cold"
        }
      ]
    },
    {
      "rolls": {
        "max": 2,
        "min": 1
      },
      "entries": [
        {
          "type": "item",
          "name": "copper_ingot",
          "functions": [
            {
              "function": "set_count",
              "count": {
                "max": 5,
                "min": 2
              }
            }
          ]
        },
        {
          "type": "item",
          "name": "iron_ingot",
          "functions": [
            {
              "function": "set_count",
              "count": {
                "max": 3,
                "min": 2
              }
            }
          ]
        },
        {
          "type": "item",
          "name": "iron_nugget",
          "functions": [
            {
              "function": "set_count",
              "count": {
                "max": 5,
                "min": 2
              }
            }
          ]
        },
        {
          "type": "item",
          "name": "coal",
          "functions": [
            {
              "function": "set_count",
              "count": {
                "max": 5,
                "min": 2
              }
            }
          ]
        },
        {
          "type": "item",
          "name": "emerald",
          "functions": [
            {
              "function": "set_count",
              "count": {
                "max": 3,
                "min": 2
              }
            }
          ]
        },
        {
          "type": "item",
          "name": "amethyst_shard",
          "functions": [
            {
              "function": "set_count",
              "count": {
                "max": 2,
                "min": 1
              }
            }
          ]
        },
        {
          "type": "item",
          "name": "lapis_lazuli",
          "functions": [
            {
              "function": "set_count",
              "count": {
                "max": 3,
                "min": 1
              }
            }
          ]
        }
      ],
      "functions": [
        {
          "function": "limit_count",
          "limit": 6
        }
      ]
    }
  ],
  "functions": [
    {
      "function": "minecraft:reference",
      "name": "nova_structures:loot_modifier"
    }
  ]
}