{
	"feature": "geophilic:patch/melons",
	"placement": [
		{
			"type": "minecraft:noise_based_count",
			"noise_to_count_ratio": 1,
			"noise_factor": 64
		},
		{
			"type": "minecraft:rarity_filter",
			"chance": 4
		},
		{
			"type": "minecraft:count",
			"count": {
				"type": "minecraft:uniform",
				"value": {
					"min_inclusive": 1,
					"max_inclusive": 2
				}
			}
		},
		{
			"type": "minecraft:in_square"
		},
		{
			"type": "minecraft:heightmap",
			"heightmap": "MOTION_BLOCKING"
		},
		{
			"type": "minecraft:biome"
		}
	]
}
