{
	"feature": {
		"type": "minecraft:random_selector",
		"config": {
			"features": [
				{
					"chance": 0.06,
					"feature": "minecraft:fancy_oak_checked"
				},
				{
					"chance": 0.18,
					"feature": "minecraft:jungle_tree"
				}
			],
			"default": "minecraft:mega_jungle_tree_checked"
		}
	},
	"placement": [
		{
			"type": "minecraft:count",
			"count": {
				"type": "minecraft:biased_to_bottom",
				"value": {
					"min_inclusive": 24,
					"max_inclusive": 32
				}
			}
		},
		{
			"type": "minecraft:in_square"
		},
		{
			"type": "minecraft:surface_water_depth_filter",
			"max_water_depth": 0
		},
		{
			"type": "minecraft:heightmap",
			"heightmap": "OCEAN_FLOOR"
		},
		{
			"type": "minecraft:biome"
		}
	]
}
