{
	"type": "minecraft:tree",
	"config": {
		"ignore_vines": false,
		"force_dirt": false,
		"minimum_size": {
			"type": "minecraft:two_layers_feature_size",
			"limit": 1,
			"lower_size": 0,
			"upper_size": 1
		},
		"dirt_provider": {
			"type": "minecraft:simple_state_provider",
			"state": {
				"Name": "minecraft:dirt"
			}
		},
		"trunk_provider": {
			"type": "minecraft:simple_state_provider",
			"state": {
				"Name": "minecraft:oak_log",
				"Properties": {
					"axis": "y"
				}
			}
		},
		"foliage_provider": {
			"type": "minecraft:simple_state_provider",
			"state": {
				"Name": "minecraft:oak_leaves",
				"Properties": {
					"distance": "7",
					"persistent": "false",
					"waterlogged": "false"
				}
			}
		},
		"root_placer": {
			"type": "minecraft:mangrove_root_placer",
			"root_provider": {
				"type": "minecraft:simple_state_provider",
				"state": {
					"Name": "minecraft:oak_log",
					"Properties": {
						"axis": "y"
					}
				}
			},
			"trunk_offset_y": 1,
			"above_root_placement": {
				"above_root_provider": {
					"type": "minecraft:simple_state_provider",
					"state": {
						"Name": "minecraft:moss_carpet"
					}
				},
				"above_root_placement_chance": 0.5
			},
			"mangrove_root_placement": {
				"max_root_width": 3,
				"max_root_length": 5,
				"random_skew_chance": 0.3,
				"can_grow_through": "#minecraft:mangrove_roots_can_grow_through",
				"muddy_roots_in": "#minecraft:dirt",
				"muddy_roots_provider": {
					"type": "minecraft:simple_state_provider",
					"state": {
						"Name": "minecraft:oak_log",
						"Properties": {
							"axis": "y"
						}
					}
				}
			}
		},
		"trunk_placer": {
			"type": "minecraft:bending_trunk_placer",
			"base_height": 5,
			"height_rand_a": 1,
			"height_rand_b": 2,
			"bend_length": {
				"type": "minecraft:biased_to_bottom",
				"value": {
					"min_inclusive": 1,
					"max_inclusive": 2
				}
			},
			"min_height_for_leaves": 5
		},
		"foliage_placer": {
			"type": "minecraft:fancy_foliage_placer",
			"radius": {
				"type": "minecraft:biased_to_bottom",
				"value": {
					"min_inclusive": 2,
					"max_inclusive": 3
				}
			},
			"offset": 2,
			"height": 3
		},
		"decorators": [
			{
				"type": "minecraft:leave_vine",
				"probability": 0.2
			}
		]
	}
}
