{
  "type": "minecraft:archaeology",
  "pools": [
    {
      "bonus_rolls": 0.0,
      "entries": [
        {
          "type": "minecraft:item",
          "name": "minecraft:explorer_pottery_sherd",
          "weight": 8
        },
        {
          "type": "minecraft:item",
          "name": "minecraft:plenty_pottery_sherd",
          "weight": 8
        },
        {
          "type": "minecraft:item",
          "name": "minecraft:angler_pottery_sherd",
          "weight": 8
        },
        {
          "type": "minecraft:item",
          "name": "minecraft:emerald",
          "weight": 10
        },
        {
          "type": "minecraft:item",
          "name": "minecraft:copper_ingot",
          "weight": 10
        },
        {
          "type": "minecraft:item",
          "name": "minecraft:raw_copper",
          "weight": 10
        },
        {
          "type": "minecraft:item",
          "name": "minecraft:fishing_rod",
          "functions": [
            {
              "function": "set_damage",
              "damage": {
                "min": 0.3,
                "max": 0.1
              }
            }
          ],
          "weight": 2
        },
        {
          "type": "minecraft:item",
          "name": "minecraft:stone_hoe",
          "functions": [
            {
              "function": "set_damage",
              "damage": {
                "min": 0.3,
                "max": 0.1
              }
            }
          ],
          "weight": 2
        },
        {
          "type": "minecraft:item",
          "name": "minecraft:stone_shovel",
          "functions": [
            {
              "function": "set_damage",
              "damage": {
                "min": 0.3,
                "max": 0.1
              }
            }
          ],
          "weight": 2
        },
        {
          "type": "minecraft:item",
          "name": "minecraft:stone_axe",
          "functions": [
            {
              "function": "set_damage",
              "damage": {
                "min": 0.3,
                "max": 0.1
              }
            }
          ],
          "weight": 2
        },
        {
          "type": "minecraft:item",
          "name": "minecraft:bone",
          "weight": 15
        },
        {
          "type": "minecraft:item",
          "name": "minecraft:gold_nugget",
          "weight": 15
        },
        {
          "type": "minecraft:item",
          "name": "minecraft:iron_nugget",
          "weight": 10
        },
        {
          "type": "minecraft:item",
          "name": "minecraft:rotten_flesh",
          "weight": 10
        }
      ],
      "rolls": 1.0
    }
  ],
  "functions": [
    {
      "function": "minecraft:reference",
      "name": "nova_structures:loot_modifier"
    }
  ]
}