{
  "type": "minecraft:archaeology",
  "pools": [
    {
      "bonus_rolls": 0.0,
      "entries": [
        {
          "type": "minecraft:item",
          "name": "minecraft:tide_armor_trim_smithing_template",
          "weight": 10
        },
        {
          "type": "minecraft:item",
          "name": "minecraft:trident",
          "functions": [
            {
              "function": "set_damage",
              "damage": {
                "min": 0.3,
                "max": 0.1
              }
            }
          ]
        },
		{
          "type": "minecraft:item",
          "name": "minecraft:nautilus_shell",
          "weight": 4
        },
        {
          "type": "minecraft:item",
          "name": "minecraft:explorer_pottery_sherd",
          "weight": 8
        },
        {
          "type": "minecraft:item",
          "name": "minecraft:plenty_pottery_sherd",
          "weight": 8
        },
        {
          "type": "minecraft:item",
          "name": "minecraft:angler_pottery_sherd",
          "weight": 8
        },
        {
          "type": "minecraft:item",
          "name": "minecraft:emerald",
          "weight": 10
        },
		{
          "type": "minecraft:item",
          "functions": [
            {
              "add": false,
              "count": 1.0,
              "function": "minecraft:set_count"
            }
          ],
          "name": "minecraft:copper_nautilus_armor",
          "weight": 20
        },
        {
          "type": "minecraft:item",
          "functions": [
            {
              "add": false,
              "count": 1.0,
              "function": "minecraft:set_count"
            }
          ],
          "name": "minecraft:iron_nautilus_armor",
          "weight": 10
        },
        {
          "type": "minecraft:item",
          "functions": [
            {
              "add": false,
              "count": 1.0,
              "function": "minecraft:set_count"
            }
          ],
          "name": "minecraft:golden_nautilus_armor",
          "weight": 5
        },
        {
          "type": "minecraft:item",
          "functions": [
            {
              "add": false,
              "count": 1.0,
              "function": "minecraft:set_count"
            }
          ],
          "name": "minecraft:diamond_nautilus_armor",
          "weight": 2
        }
      ],
      "rolls": 1.0
    }
  ],
  "functions": [
    {
      "function": "minecraft:reference",
      "name": "nova_structures:loot_modifier"
    }
  ]
}