{
  "config": {
    "decorators": [
      {
        "probability": 0.02,
        "type": "minecraft:leave_vine"
      },
      {
        "type": "minecraft:attached_to_leaves",
        "probability": 0.1,
        "exclusion_radius_xz": 0,
        "exclusion_radius_y": 0,
        "required_empty_blocks": 1,
        "block_provider": {
          "type": "minecraft:simple_state_provider",
          "state": {
            "Name": "minecraft:dark_oak_leaves"
          }
        },
        "directions": [
          "down"
        ]
      }
    ],
    "dirt_provider": {
      "state": {
        "Name": "minecraft:dark_oak_log"
      },
      "type": "minecraft:simple_state_provider"
    },
    "foliage_placer": {
      "offset": 1,
      "radius": 4,
      "type": "minecraft:cherry_foliage_placer",
      "height": 4,
      "wide_bottom_layer_hole_chance": 0.2,
      "corner_hole_chance": 0.7,
      "hanging_leaves_chance": 0.5,
      "hanging_leaves_extension_chance": 0.3
    },
    "foliage_provider": {
      "state": {
        "Name": "minecraft:dark_oak_leaves",
        "Properties": {
          "distance": "7",
          "persistent": "false",
          "waterlogged": "false"
        }
      },
      "type": "minecraft:simple_state_provider"
    },
    "force_dirt": false,
    "ignore_vines": true,
    "minimum_size": {
      "limit": 1,
      "lower_size": 0,
      "middle_size": 1,
      "type": "minecraft:three_layers_feature_size",
      "upper_limit": 1,
      "upper_size": 2
    },
    "trunk_placer": {
      "base_height": 7,
      "height_rand_a": 1,
      "height_rand_b": 2,
      "type": "minecraft:dark_oak_trunk_placer"
    },
    "trunk_provider": {
      "state": {
        "Name": "minecraft:dark_oak_log",
        "Properties": {
          "axis": "y"
        }
      },
      "type": "minecraft:simple_state_provider"
    }
  },
  "type": "minecraft:tree"
}