{
	"type": "minecraft:vegetation_patch",
	"config": {
		"surface": "floor",
		"depth": 1,
		"vertical_range": 5,
		"extra_bottom_block_chance": 0,
		"extra_edge_column_chance": 0.3,
		"vegetation_chance": 0.3,
		"xz_radius": {
			"type": "minecraft:uniform",
			"value": {
				"min_inclusive": 4,
				"max_inclusive": 7
			}
		},
		"replaceable": "#minecraft:base_stone_overworld",
		"ground_state": {
			"type": "minecraft:simple_state_provider",
			"state": {
				"Name": "minecraft:stone"
			}
		},
		"vegetation_feature": {
			"feature": {
				"type": "minecraft:random_patch",
				"config": {
					"tries": 8,
					"xz_spread": 1,
					"y_spread": 1,
					"feature": {
						"feature": {
							"type": "minecraft:simple_block",
							"config": {
								"to_place": {
									"type": "minecraft:weighted_state_provider",
									"entries": [
										{
											"weight": 3,
											"data": {
												"Name": "minecraft:cobblestone"
											}
										},
										{
											"weight": 2,
											"data": {
												"Name": "minecraft:coal_ore"
											}
										},
										{
											"weight": 1,
											"data": {
												"Name": "minecraft:iron_ore"
											}
										}
									]
								}
							}
						},
						"placement": [
							{
								"type": "minecraft:block_predicate_filter",
								"predicate": {
									"type": "minecraft:matching_block_tag",
									"tag": "minecraft:base_stone_overworld"
								}
							}
						]
					}
				}
			},
			"placement": []
		}
	}
}
