{
	"type": "minecraft:random_patch",
	"config": {
		"tries": 16,
		"xz_spread": 3,
		"y_spread": 1,
		"feature": {
			"feature": {
				"type": "minecraft:simple_block",
				"config": {
					"to_place": {
						"type": "minecraft:weighted_state_provider",
						"entries": [
							{
								"weight": 2,
								"data": {
									"Name": "minecraft:sweet_berry_bush",
									"Properties": {
										"age": "0"
									}
								}
							},
							{
								"weight": 2,
								"data": {
									"Name": "minecraft:sweet_berry_bush",
									"Properties": {
										"age": "1"
									}
								}
							},
							{
								"weight": 1,
								"data": {
									"Name": "minecraft:sweet_berry_bush",
									"Properties": {
										"age": "2"
									}
								}
							},
							{
								"weight": 1,
								"data": {
									"Name": "minecraft:sweet_berry_bush",
									"Properties": {
										"age": "3"
									}
								}
							}
						]
					}
				}
			},
			"placement": [
				{
					"type": "minecraft:block_predicate_filter",
					"predicate": {
						"type": "minecraft:all_of",
						"predicates": [
							{
								"type": "minecraft:matching_blocks",
								"offset": [
									0,
									0,
									0
								],
								"blocks": "minecraft:air"
							},
							{
								"type": "minecraft:matching_block_tag",
								"offset": [
									0,
									-1,
									0
								],
								"tag": "minecraft:dirt"
							}
						]
					}
				}
			]
		}
	}
}
