{
	"type": "minecraft:random_patch",
	"config": {
		"tries": 16,
		"xz_spread": 3,
		"y_spread": 2,
		"feature": {
			"feature": {
				"type": "minecraft:simple_block",
				"config": {
					"to_place": {
						"type": "minecraft:simple_state_provider",
						"state": {
							"Name": "minecraft:melon"
						}
					}
				}
			},
			"placement": [
				{
					"type": "minecraft:block_predicate_filter",
					"predicate": {
						"type": "minecraft:all_of",
						"predicates": [
							{
								"type": "minecraft:matching_blocks",
								"offset": [
									0,
									0,
									0
								],
								"blocks": "minecraft:air"
							},
							{
								"type": "minecraft:matching_block_tag",
								"offset": [
									0,
									-1,
									0
								],
								"tag": "minecraft:dirt"
							},
							{
								"type": "minecraft:not",
								"predicate": {
									"type": "minecraft:any_of",
									"predicates": [
										{
											"type": "minecraft:matching_blocks",
											"offset": [
												1,
												0,
												0
											],
											"blocks": "minecraft:melon"
										},
										{
											"type": "minecraft:matching_blocks",
											"offset": [
												-1,
												0,
												0
											],
											"blocks": "minecraft:melon"
										},
										{
											"type": "minecraft:matching_blocks",
											"offset": [
												0,
												0,
												1
											],
											"blocks": "minecraft:melon"
										},
										{
											"type": "minecraft:matching_blocks",
											"offset": [
												0,
												0,
												-1
											],
											"blocks": "minecraft:melon"
										}
									]
								}
							}
						]
					}
				}
			]
		}
	}
}
