{
	"type": "minecraft:random_patch",
	"config": {
		"tries": 32,
		"xz_spread": 3,
		"y_spread": 1,
		"feature": {
			"feature": {
				"type": "minecraft:block_column",
				"config": {
					"direction": "up",
					"allowed_placement": {
						"type": "minecraft:matching_blocks",
						"blocks": "minecraft:air"
					},
					"prioritize_tip": false,
					"layers": [
						{
							"height": {
								"type": "minecraft:uniform",
								"value": {
									"min_inclusive": 1,
									"max_inclusive": 5
								}
							},
							"provider": {
								"type": "minecraft:simple_state_provider",
								"state": {
									"Name": "minecraft:sugar_cane",
									"Properties": {
										"age": "0"
									}
								}
							}
						}
					]
				}
			},
			"placement": [
				{
					"type": "minecraft:block_predicate_filter",
					"predicate": {
						"type": "minecraft:all_of",
						"predicates": [
							{
								"type": "minecraft:matching_blocks",
								"blocks": "minecraft:air"
							},
							{
								"type": "minecraft:would_survive",
								"state": {
									"Name": "minecraft:sugar_cane",
									"Properties": {
										"age": "0"
									}
								}
							},
							{
								"type": "minecraft:any_of",
								"predicates": [
									{
										"type": "minecraft:matching_fluids",
										"offset": [
											1,
											-1,
											0
										],
										"fluids": [
											"minecraft:water",
											"minecraft:flowing_water"
										]
									},
									{
										"type": "minecraft:matching_fluids",
										"offset": [
											-1,
											-1,
											0
										],
										"fluids": [
											"minecraft:water",
											"minecraft:flowing_water"
										]
									},
									{
										"type": "minecraft:matching_fluids",
										"offset": [
											0,
											-1,
											1
										],
										"fluids": [
											"minecraft:water",
											"minecraft:flowing_water"
										]
									},
									{
										"type": "minecraft:matching_fluids",
										"offset": [
											0,
											-1,
											-1
										],
										"fluids": [
											"minecraft:water",
											"minecraft:flowing_water"
										]
									}
								]
							}
						]
					}
				}
			]
		}
	}
}
