{
	"type": "minecraft:random_patch",
	"config": {
		"tries": 48,
		"xz_spread": 5,
		"y_spread": 1,
		"feature": {
			"feature": {
				"type": "minecraft:simple_block",
				"config": {
					"to_place": {
						"type": "minecraft:simple_state_provider",
						"state": {
							"Name": "minecraft:tall_grass",
							"Properties": {
								"half": "lower"
							}
						}
					}
				}
			},
			"placement": [
				{
					"type": "minecraft:block_predicate_filter",
					"predicate": {
						"type": "minecraft:matching_blocks",
						"offset": [
							0,
							0,
							0
						],
						"blocks": "minecraft:air"
					}
				},
				{
					"type": "minecraft:block_predicate_filter",
					"predicate": {
						"type": "minecraft:matching_block_tag",
						"offset": [
							0,
							-1,
							0
						],
						"tag": "minecraft:dirt"
					}
				}
			]
		}
	}
}
