{
	"type": "minecraft:simple_random_selector",
	"config": {
		"features": [
			{
				"feature": {
					"type": "minecraft:block_column",
					"config": {
						"direction": "north",
						"allowed_placement": {
							"type": "minecraft:all_of",
							"predicates": [
								{
									"type": "minecraft:replaceable"
								},
								{
									"type": "minecraft:any_of",
									"predicates": [
										{
											"type": "minecraft:has_sturdy_face",
											"offset": [
												0,
												-1,
												0
											],
											"direction": "up"
										},
										{
											"type": "minecraft:has_sturdy_face",
											"offset": [
												0,
												-2,
												0
											],
											"direction": "up"
										}
									]
								}
							]
						},
						"prioritize_tip": false,
						"layers": [
							{
								"height": {
									"type": "minecraft:uniform",
									"value": {
										"min_inclusive": 4,
										"max_inclusive": 6
									}
								},
								"provider": {
									"type": "minecraft:simple_state_provider",
									"state": {
										"Name": "minecraft:acacia_log",
										"Properties": {
											"axis": "z"
										}
									}
								}
							}
						]
					}
				},
				"placement": []
			},
			{
				"feature": {
					"type": "minecraft:block_column",
					"config": {
						"direction": "west",
						"allowed_placement": {
							"type": "minecraft:all_of",
							"predicates": [
								{
									"type": "minecraft:replaceable"
								},
								{
									"type": "minecraft:any_of",
									"predicates": [
										{
											"type": "minecraft:has_sturdy_face",
											"offset": [
												0,
												-1,
												0
											],
											"direction": "up"
										},
										{
											"type": "minecraft:has_sturdy_face",
											"offset": [
												0,
												-2,
												0
											],
											"direction": "up"
										}
									]
								}
							]
						},
						"prioritize_tip": false,
						"layers": [
							{
								"height": {
									"type": "minecraft:uniform",
									"value": {
										"min_inclusive": 4,
										"max_inclusive": 6
									}
								},
								"provider": {
									"type": "minecraft:simple_state_provider",
									"state": {
										"Name": "minecraft:acacia_log",
										"Properties": {
											"axis": "x"
										}
									}
								}
							}
						]
					}
				},
				"placement": []
			}
		]
	}
}
