{
  "type": "minecraft:chest",
  "pools": [
    {
      "bonus_rolls": 0.0,
      "entries": [
        {
          "type": "minecraft:loot_table",
          "value": {
            "pools": [
              {
                "rolls": {
                  "type": "minecraft:uniform",
                  "min": 1.0,
                  "max": 2.0
                },
                "bonus_rolls": 0.0,
                "entries": [
                  {
                    "type": "minecraft:item",
                    "functions": [
                      {
                        "function": "set_damage",
                        "damage": {
                          "min": 0.25,
                          "max": 0.75
                        }
                      }
                    ],
                    "name": "minecraft:stone_axe"
                  },
                  {
                    "type": "minecraft:item",
                    "functions": [
                      {
                        "function": "set_damage",
                        "damage": {
                          "min": 0.25,
                          "max": 0.75
                        }
                      }
                    ],
                    "name": "minecraft:stone_shovel"
                  },
                  {
                    "type": "minecraft:item",
                    "functions": [
                      {
                        "function": "set_damage",
                        "damage": {
                          "min": 0.25,
                          "max": 0.75
                        }
                      }
                    ],
                    "name": "minecraft:stone_hoe"
                  },
				  {
					"type": "minecraft:item",
					"name": "minecraft:copper_axe",
					"weight": 2,
					"functions": [
						{
						"function": "minecraft:enchant_with_levels",
						"levels": 10,
						"options": "#minecraft:on_random_loot"
						},
						{
						"function": "minecraft:set_damage",
						"damage": {
							"type": "minecraft:uniform",
							"min": 0.5,
							"max": 0.65
						}
						}
					]
				  },
				  {
					"type": "minecraft:item",
					"name": "minecraft:copper_shovel",
					"weight": 2,
					"functions": [
						{
						"function": "minecraft:enchant_with_levels",
						"levels": 10,
						"options": "#minecraft:on_random_loot"
						},
						{
						"function": "minecraft:set_damage",
						"damage": {
							"type": "minecraft:uniform",
							"min": 0.5,
							"max": 0.65
						}
						}
					]
				  }
                ]
              },
              {
                "rolls": 2,
                "bonus_rolls": 0.0,
                "entries": [
                  {
                    "type": "minecraft:item",
                    "functions": [
                      {
                        "function": "minecraft:set_count",
                        "count": {
                          "type": "minecraft:uniform",
                          "min": 2.0,
                          "max": 5.0
                        },
                        "add": false
                      }
                    ],
                    "name": "minecraft:coal"
                  },
                  {
                    "type": "minecraft:item",
                    "functions": [
                      {
                        "function": "minecraft:set_count",
                        "count": {
                          "type": "minecraft:uniform",
                          "min": 2.0,
                          "max": 4.0
                        },
                        "add": false
                      }
                    ],
                    "name": "minecraft:wheat"
                  }
                ]
              }
            ]
          },
          "weight": 20
        },
        {
          "type": "minecraft:loot_table",
          "value": "minecraft:chests/simple_dungeon"
        }
      ],
      "rolls": 1.0
    }
  ],
  "functions": [
    {
      "function": "minecraft:reference",
      "name": "nova_structures:loot_modifier"
    }
  ]
}