{
	"name": "minecraft:nether_fortress/nether_fortress_core",
  "elements": [
    {
      "element": {
        "element_type": "minecraft:single_pool_element",
        "location": "minecraft:nether_fortress/chest/nether_keep_vault",
        "processors": "minecraft:nether_fortress_generic_degradation",
        "projection": "rigid"
      },
      "weight": 1
    },
	{
      "element": {
        "element_type": "minecraft:single_pool_element",
        "location": "minecraft:nether_fortress/chest/nether_keep_vault_chart",
        "processors": "minecraft:nether_fortress_generic_degradation",
        "projection": "rigid"
      },
      "weight": 1
    }
  ],
  "fallback": "minecraft:empty"
}