{
	"type": "minecraft:random_patch",
	"config": {
		"tries": 32,
		"xz_spread": 5,
		"y_spread": 2,
		"feature": {
			"feature": {
				"type": "minecraft:simple_block",
				"config": {
					"to_place": {
						"type": "minecraft:weighted_state_provider",
						"entries": [
							{
								"weight": 1,
								"data": {
									"Name": "minecraft:copper_ore"
								}
							},
							{
								"weight": 1,
								"data": {
									"Name": "minecraft:coal_ore"
								}
							}
						]
					}
				}
			},
			"placement": [
				{
					"type": "minecraft:block_predicate_filter",
					"predicate": {
						"type": "minecraft:matching_blocks",
						"offset": [
							0,
							0,
							0
						],
						"blocks": "minecraft:cobblestone"
					}
				}
			]
		}
	}
}
