{
  "display": {
    "icon": {
      "id": "minecraft:enchanted_book",
      "count": 1
    },
    "title": {
      "translate": "advancement.dnt.story.librarian_sealing_halls.title",
      "fallback": "Tomes of the Weeping"
    },
    "description": {
      "translate": "advancement.dnt.story.librarian_sealing_halls",
      "fallback": "Level up a novice Librarian in the Sealing Halls, then trade for their exclusive book"
    },
    "frame": "goal",
    "show_toast": true,
    "announce_to_chat": true,
    "hidden": false
  },
  "parent": "nova_structures:nether/find_sealing_halls",
  "criteria": {
    "dnt_trade_enchant_sealing": {
      "trigger": "minecraft:villager_trade",
      "conditions": {
        "villager": {
          "nbt": "{Tags:[\"dnt_librarian_sealing\",\"trade2added\"]}"
        },
        "item": {
          "items": "minecraft:enchanted_book",
          "predicates": {
            "minecraft:stored_enchantments": [
              {
                "enchantments": "#nova_structures:librarian_secret_offer/sealing"
              }
            ]
          }
        }
      }
    }
  },
  "requirements": [
    [
      "dnt_trade_enchant_sealing"
    ]
  ],
  "sends_telemetry_event": false
}